﻿KEY,x,FA
<0>,"<0>
",<0>
<0>  English,"<0>
English","<0>
English"
<0>  ÙØ§Ø±Ø³ÛŒ,"<0>
فارسی","<0>
فارسی"
"A goldsmith management system, is special for an aseqbase website...","A goldsmith management system, is special for an aseqbase website...","سیستم مدیریت کارگاه‌های طلاسازی، مبتنی بر بستر چارچوب وب سایت asqbase ..."
A phone number with your national code,A phone number with your national code,شماره تلفن همراه با پیش شماره
A unique name exclusive for this profile,A unique name exclusive for this profile,یک نام منحصر به فرد پروفایل
ABOUT,ABOUT,درباره
Drafts,Drafts,حواله‌ها
About - GMS,About - GMS,درباره - GMS
Powered By,Powered By,توسعه داده شده توسط
Access,Access,دسترسی
Account,Account,حساب
Account Recovery,Account Recovery,بازیابی حساب کاربری
Account Recovery Request,Account Recovery Request,درخواست بازیابی حساب کاربری
Add your first item <0><1>,"Add your first item <0><1>
",اولین مورد خود را اضافه کنید <0><1>
ADDED,ADDED,اضافه شده
Additional Children of the object,"Additional Children of the object",موارد اضافه شده به شی
Address,Address,نشانی
Are you sure you want to remove this item?,Are you sure you want to remove this item?,آیا مطمئن هستید که می خواهید این مورد را حذف کنید؟
Are you sure you want to return this draft to the currentbox?,Are you sure you want to return this draft to the currentbox?,آیا مطمئن هستید که می خواهید این حواله را به صندوق جاری برگردانید؟
Are you sure you want to set this draft as damaged?,Are you sure you want to set this draft as damaged?,آیا مطمئن هستید که می خواهید این حواله را به عنوان آسیب دیده تنظیم کنید؟
Author,Author,نویسنده
Average,Average,میانگین
Back to Home,Back to Home,بازگشت به صفحه اصلی
Banner Path,Banner Path,مسیر بنر
Bio,Bio,بیوگرافی
Cancel,Cancel,لغو
Changed,Changed,تغییریافته
Children,Children,فرزندان
CLICK ON THIS LINK,CLICK ON THIS LINK,بر روی این لینک کلیک کنید
Click to change the image!,Click to change the image!,برای تغییر تصویر کلیک کنید!
COMPLETED,COMPLETED,تکمیل‌شده‌ها
Completed Drafts,Completed Drafts,حواله‌های تکمیل شده
Contact,Contact,شماره‌تماس
Contacts,Contacts,مخاطبین
Content,Content,محتوا
Count,Count,تعداد
Count Threshold,Count Threshold,آستانه تعداد
Count Unit,Count Unit,واحد شمارش
Create Time,Create Time,ایجاد شده در
CreateTime,CreateTime,ایجاد شده در
CURRENT,CURRENT,جاری
Dashboard,Dashboard,داشبورد
"Dear <0>, you have logged in successfully","Dear <0>, you have logged in successfully","<0> عزیز، شما با موفقیت وارد سیستم شدید"
"Dear user, the reset password sent to your email successfully!","Dear user, the reset password sent to your email successfully!",کاربر گرامی ایمیل بازنشانی رمز ورود شما با موفقیت ارسال شد!
Description,Description,شرح
Descriptions about the website owner,"Descriptions about the website owner",توضیحاتی در مورد صاحب وب سایت
Dest Person,Dest Person,شخص مقصد
Dest Unit,Dest Unit,واحد مقصد
Destination Units,Destination Units,واحدهای مقصد
Do not have an account?,Do not have an account?,حساب کاربری ندارید؟
Do you have an account?,Do you have an account?,حساب کاربری دارید؟
Double click to hide,Double click to hide,برای پنهان کردن دوبار کلیک کنید
Download Path,Download Path,مسیر دانلود
DRAFT,DRAFT,حواله
DRAFTS,DRAFTS,حواله‌ها
Drafts Management,Drafts Management,مدیریت حواله‌ها
EDIT,EDIT,ویرایش
Edit Drafts,Edit Drafts,ویرایش حواله‌ها
Edit Drafts - GMS,Edit Drafts - GMS,ویرایش حواله‌ها - GMS
Edit Users,Edit Users,ویرایش اشخاص
Edit Users - GMS,Edit Users - GMS,ویرایش اشخاص - GMS
Edit Products,Edit Products,ویرایش محصولات
Edit Products - GMS,Edit Products - GMS,ویرایش محصولات - GMS
Edit Profile,Edit Profile,ویرایش پروفایل
Edit System,Edit System,ویرایش سیستم
Edit System - GMS,Edit System - GMS,ویرایش سیستم - GMS
Edit Tools,Edit Tools,ویرایش ابزارها
Edit Tools - GMS,Edit Tools - GMS,ویرایش ابزارها - GMS
Edit Units,Edit Units,ویرایش واحدها
Edit Units - GMS,Edit Units - GMS,ویرایش واحدها - GMS
Email,Email,رایانامه
Entire Management,Entire Management,مدیریت کل
Error Symbol Path,Error Symbol Path,مسیر نماد خطا
FAILED,FAILED,خرابی
Failed Drafts,Failed Drafts,حواله‌های خراب‌شده
Filter:,Filter: ,فیلتر:
Finished processing and send this draft to the target unit!,Finished processing and send this draft to the target unit!,اتمام پردازش و ارسال حواله به واحد بعد!
First Name,First Name,نام (اسم)
Floor of the accepted subtracted weight factor!,Floor of the accepted subtracted weight factor!,ضریب حداکثر وزن کسری مجاز!
Forgot your password?,Forgot your password?,رمز عبور خود را فراموش کرده اید؟
Full Banner Path,Full Banner Path,مسیر بنر کامل
Full Description,Full Description,شرح کامل
Full Logo Path,Full Logo Path,مسیر لوگو کامل
Full Name,Full Name,نام و نام خانوادگی
Full Owner,Full Owner,عنوان کامل مالک
Full postal address,Full postal address,آدرس پستی کامل
Full Product,Full Product,عنوان کامل محصول
Full Slogan,Full Slogan,شعار کامل
Gender,Gender,جنسیت
HOME,HOME,صفحه اصلی
Home - GMS,Home - GMS,صفحه اصلی - GMS
Home Path,Home Path,مسیر صفحه اصلی
ID,ID,شناسه
Image,Image,تصویر
Input Drafts,Input Drafts,حواله‌های ورودی
Is Active,Is Active,فعال
Key Words,Key Words,کلید واژه ها
Last Name,Last Name,نام خانوادگی (فامیل)
Location,Location,محل
Logo Path,Logo Path,مسیر لوگو
Lost,Lost,مفقودشده
Main Menus,Main Menus,منوهای اصلی
Manage Drafts - GMS,Manage Drafts - GMS,مدیریت حواله‌ها - GMS
Manage Entire - GMS,Manage Entire - GMS,مدیریت کل - GMS
Manage Users - GMS,Manage Users - GMS,مدیریت اشخاص - GMS
Manage Products - GMS,Manage Products - GMS,مدیریت محصولات - GMS
Manage System - GMS,Manage System - GMS,مدیریت سیستم - GMS
Manage Tools - GMS,Manage Tools - GMS,مدیریت ابزارها - GMS
Manage Units - GMS,Manage Units - GMS,مدیریت واحدها - GMS
Management,Management,مدیریت
Members,Members,اعضا
Menu,Menu,منو
Meta Data,Meta Data,فراداده
Middle Name,Middle Name,نام میانی
MiMFa,MiMFa,میم‌فا
MiMFa Unit Management System,MiMFa Unit Management System,سیستم مدیریت واحدهای میم‌فا
Minimal Members Factory,Minimal Members Factory,متخصصین فناوری
Minimum Numbers of Products to Use this Tool (n),Minimum Numbers of Products to Use this Tool (n),حداقل تعداد محصولات برای استفاده از این ابزار (n)
Minimum Time of Products to Use this Tool (m),Minimum Time of Products to Use this Tool (m),حداقل زمان استفاده از این ابزار (متر)
Minimum Weight of Products to Use this Tool (g),Minimum Weight of Products to Use this Tool  (g),حداقل وزن محصولات برای استفاده از این ابزار (گرم)
Name,Name,نام
Numbers (<0>),Numbers (<0>),تعداد (<0>)
Numbers of Products Used this Tool (n),Numbers of Products Used this Tool (n),تعداد محصولات استفاده‌شده از این ابزار (n)
Numbers of this Tool (n),Numbers of this Tool (n),تعداد این ابزار (n)
Numbers of Used (n),Numbers of Used (n),تعداد استفاده‌شده (n)
Numbers of Works (n),Numbers of Works (n),تعداد کار (n)
Order,Order,ترتیب
Organization,Organization,سازمان
Output Drafts,Output Drafts,حواله‌های خروجی
Owner,Owner,مالک
Owner Description,Owner Description,توضیحات مالک
ParentID,ParentID,شناسه پایه
Partial Drafts,Partial Drafts,حواله‌های نیمه‌کاره
Password,Password,کلمه عبور
Path,Path,مسیر
Payment Content,Payment Content,محتوای پرداخت
Payment Path,Payment Path,مسیر پرداخت
Person,Person,شخص
USERS,USERS,اشخاص
Users Average,Users Average,شخص - میانگین
Users Management,Users Management,مدیریت اشخاص
Users Score,Users Score,شخص - نمره
Process Symbol Path,Process Symbol Path,مسیر نماد پردازش
Processing,Processing,در حال پردازش
Product,Product,محصول
PRODUCTS,PRODUCTS,محصولات
Products Management,Products Management,مدیریت محصولات
Profile updated successfully!,Profile updated successfully!,پروفایل با موفقیت به روز شد!
Register,Register,ثبت نام
REPORT,REPORT,گزارش
Report - GMS,Report - GMS,گزارش - GMS
Report System - GMS,Report System - GMS,سیستم گزارش - GMS
Reset,Reset,بازنشانی
Reset Password,Reset Password,بازنشانی رمز عبور
Responsible Person,Responsible Person,شخص مسئول
Responsible Unit,Responsible Unit,واحد مسئول
Roof of the accepted added weight factor!,Roof of the accepted added weight factor!,ضریب حداکثر وزن افزوده مجاز!
Score,Score,نمره
Search,Search,جستجو
Send recovery email for the acoount,Send recovery email for the acoount,ارسال ایمیل بازیابی برای اکانت
Services,Services,خدمات
Shortcuts,Shortcuts,میانبرها
Show Profile,Show Profile,نمایش پروفایل
Side Menus,Side Menus,منوهای جانبی
Sign Edit - GMS,Sign Edit - GMS,ویرایش پروفایل - GMS
Sign In,Sign In,ورود
Sign In - GMS,Sign In - GMS,ورود به سیستم - GMS
Sign Out,Sign Out,خروج از سیستم
Sign Out - GMS,Sign Out - GMS,خروج از سیستم - GMS
Sign Recover - GMS,Sign Recover - GMS,بازیابی گروفایل - GMS
Sign Up,Sign Up,ثبت نام
Sign Up - GMS,Sign Up - GMS,ثبت نام - GMS
Signature,Signature,امضا
Slogan,Slogan,شعار
Source Person,Source Person,شخص مبدا
Source Unit,Source Unit,واحد مبدا
STATUS,STATUS,وضعیت
Status,Status,وضعیت
Submit,Submit,تایید
SUBTRACTED,SUBTRACTED,کسر شده
SYSTEM,SYSTEM,سیستم
System Management,System Management,مدیریت سیستم
System Report,System Report,گزارش سیستم
System Translation - GMS,System Translation - GMS,ترجمه سیستم - GMS
System Translator - GMS,System Translator - GMS,مترجم سیستم - GMS
Tell a public intorduction about yourself,Tell a public intorduction about yourself,یک معرفی عمومی در مورد خودتان بگویید
The default download links path,"The default download links path",مسیر پیش فرض لینک های دانلود
The default homepage path,"The default homepage path",مسیر پیش فرض صفحه اصلی
The default payment contents to show for paying process,"The default payment contents to show for paying process",محتویات پرداخت پیش‌فرض برای نمایش در فرآیند پرداخت
The default payment path,"The default payment path",مسیر پرداخت پیش فرض
The effective factor to all unit coligues,"The effective factor to all unit coligues",فاکتور موثر بر همه اشخاص واحد
The effective threshold for the numbers of product pieces in each draft,The effective threshold for the numbers of product pieces in each draft,آستانه موثر برای هر قطعه از یک محصول در هر حواله
The effective times for each draft,"The effective times for each draft",زمان های موثر برای هر حواله
The effective weight threshold of each piece in each draft,"The effective weight threshold of each piece in each draft
",آستانه وزن موثر هر قطعه در هر حواله
The form submitted successfully!,The form submitted successfully!,فرم با موفقیت ارسال شد!
The information updated successfully!,The information updated successfully!,اطلاعات با موفقیت به روز شد!
The items removed successfully!,The items removed successfully!,موارد با موفقیت حذف شدند!
The location link on the map,"The location link on the map",لینک مکان روی نقشه
The main contacts details to show on the most pages and contact page,"The main contacts details to show on the most pages and contact page",جزئیات مخاطبین اصلی برای نمایش در بیشتر صفحات و صفحه تماس
"The main KeyWords of the website, these will effect on SEO and views","The main KeyWords of the website, these will effect on SEO and views","کلمات کلیدی اصلی وب سایت، بر روی سئو و بازدیدها تأثیر می گذارد"
The main members and personnel of the website,"The main members and personnel of the website",اعضای اصلی وب سایت
The main menu items to show on the first page,"The main menu items to show on the first page",موارد منوی اصلی برای نمایش در صفحه اول
The main menu to show on the most pages,"The main menu to show on the most pages",منوی اصلی برای نمایش در بیشتر صفحات
The main name of the object  The website owner and name,"The main name of the object
The website owner and name",نام اصلی مالک وب سایت و نام
The main path,"The main path",مسیر اصلی
The main shortcut menu to show on the most pages,"The main shortcut menu to show on the most pages",منوی میانبر اصلی برای نمایش در بیشتر صفحات
The main symbol path to show on the errors,"The main symbol path to show on the errors",مسیر نماد اصلی برای نشان دادن روی خطاها
The main symbol path to show while system is processing,"The main symbol path to show while system is processing",مسیر نماد اصلی برای نمایش در هنگام پردازش سیستم
The main symbol path to show while system is waiting,"The main symbol path to show while system is waiting",مسیر نماد اصلی برای نمایش در زمانی که سیستم در انتظار است
The more detailed description of the website,"The more detailed description of the website",توضیحات بیشتر در مورد وب سایت
The more detailed slogan of the website,"The more detailed slogan of the website",شعار دقیق تر وب سایت
The short description of the website,"The short description of the website",توضیحات کوتاه وب سایت
The short slogan of the website,"The short slogan of the website",شعار کوتاه وب سایت
The side menu to show on the most pages,"The side menu to show on the most pages",منوی کناری برای نمایش در بیشتر صفحات
The username is incorrect!,The username is incorrect!,نام کاربری اشتباه است!
The website full logo path,"The website full logo path",مسیر کامل لوگوی وب سایت
The website full name,"The website full name",نام کامل وب سایت
The website full owner and full name,"The website full owner and full name",نام کامل مالک وب سایت
The website main banner path,"The website main banner path",مسیر بنر اصلی وب سایت
The website main logo path,"The website main logo path",مسیر لوگوی اصلی وب سایت
The website name,"The website name",نام وب سایت
The website owner full name,"The website owner full name",نام کامل صاحب وب سایت
The website owner name,"The website owner name",نام صاحب وب سایت
There a problem occured!,There a problem occured!,مشکلی پیش آمد!
There had some changes in this draft!,There had some changes in this draft!,این حواله تغییراتی داشت!
This unit is effective on timing and working or not!,This unit is effective on timing and working or not!,این واحد در زمان بندی و کارکردن موثر است یا خیر!
Time,Time,زمان
Time (<0>),Time (<0>),زمان (<0>)
Time of Products Used this Tool (m),Time of Products Used this Tool (m),زمان محصولات استفاده‌شده از این ابزار (دقیقه)
Time of this Tool (m),Time of this Tool (m),زمان این ابزار (دقیقه)
Time of Used (m),Time of Used (m),زمان استفاده (دقیقه)
Time of Works (m),Time of Works (m),زمان انجام کار (دقیقه)
Time Sequences,Time Sequences,توالی - زمان
Time Threshold,Time Threshold,آستانه زمانی
Time Unit,Time Unit,واحد زمان
Title,Title,عنوان
To see the details of this Draft!,To see the details of this Draft!,دیدن جزئیات این حواله!
To set this draft as damage!,To set this draft as damaged!,تنظیم این حواله به عنوان آسیب دیده!
To set this draft as damagebyunit!,To set this draft as damaged by unit!,تنظیم این حواله به عنوان آسیب دیده بدلیل اشکال در  واحد!
To set this draft as damagebyperson!,To set this draft as damaged by person!,تنظیم این حواله به عنوان آسیب دیده بدلیل اشکال در  شخص!
To set this draft as damagebyproduct!,To set this draft as damaged by product!,تنظیم این حواله به عنوان آسیب دیده بدلیل اشکال در  محصول!
To set this draft as damagebytool!,To set this draft as damaged by tool!,تنظیم این حواله به عنوان آسیب دیده بدلیل اشکال در ابزار!
TOOLS,TOOLS,ابزارها
Tools Count,Tools Count,ابزار - تعداد
Tools Management,Tools Management,مدیریت ابزارها
Tools Time,Tools Time,ابزار - زمان
Tools Weight,Tools Weight,ابزار - وزن
TUTORIAL,TUTORIAL,آموزش
Tutorial - GMS,Tutorial - GMS,آموزش - GMS
Unit,Unit,واحد
Unit Effect,Unit Effect,موثر در همکاران
Unit Management System,Unit Management System,سیستم مدیریت واحد
UNITS,UNITS,واحدها
Units Average,Units Average,واحد - میانگین
Units Management,Units Management,مدیریت واحدها
Units Users,Units Users,شخص - واحد
Units Quality Control - GMS,Units Quality Control - GMS,کنترل کیفیت واحدها - GMS
Units Score,Units Score,واحد - نمره
Update,Update,به‌روزرسانی
Update Time,Update Time,زمان به‌روزرسانی
UpdateTime,UpdateTime,ویرایش شده در
Used Count,Used Count,تعداد استفاده‌شده
Used Count (%),Used Count (%),تعداد استفاده‌شده (%)
Used Time,Used Time,زمان استفاده‌شده
Used Time (%),Used Time (%),زمان استفاده‌شده (%)
Used Weight,Used Weight,وزن استفاده‌شده
Used Weight (%),Used Weight (%),وزن استفاده‌شده (%)
Wait Symbol Path,Wait Symbol Path,مسیر نماد انتظار
Weight,Weight,وزن
Weight (<0>),Weight (<0>),وزن (<0>)
Weight Down Tolerance,Weight Down Tolerance,آستانه کاهش وزن
Weight of Products Used this Tool (g)!,Weight of Products Used this Tool (g)!,وزن محصولات استفاده‌شده از این ابزار (گرم)
Weight of this Tool (g)!,Weight of this Tool (g)!,وزن این ابزار (گرم)
Weight of Used (g)!,Weight of Used (g)!,وزن استفاده‌شده (گرم)
Weight of Draft (<0>)!,Weight of Draft (<0>)!,وزن حواله ارسالی (<0>)
Count of works in draft (<0>)!,Count of works in draft (<0>)!,تعداد کار در حواله ارسالی (<0>)
Weight of Works (g)!,Weight of Works (g)!,وزن کارها (گرم)
Weight Sequences,Weight Sequences,توالی - وزن
Weight Threshold,Weight Threshold,آستانه وزن
Weight Unit,Weight Unit,واحد وزن
Weight Up Tolerance,Weight Up Tolerance,آستانه افزایش وزن
You signed out successfully!,You signed out successfully!,شما با موفقیت از سیستم خارج شدید!
"Your account will needs to activation, if change the field!","Your account will needs to activation, if change the field!","اگر این فیلد را تغییر دهید، حساب شما باید فعال شود!"
"Your full name, you will known by this around the site","Your full name, you will known by this around the site","نام کامل شما، شما را با این نام در سامانه می شناسند"
"Your organization, institute, company, etc.","Your organization, institute, company, etc.","سازمان، موسسه، شرکت و غیره"
Damage,Damage,خرابی
Transfer,Transfer,انتقال
Close,Close,بستن
Return,Return,برگشت
Destination Unit,Destination Unit,واحد مقصد
Destination Person,Destination Person,شخص مقصد
Current Weight,Current Weight,وزن جدید
Changed Weight,Changed Weight,تغییر وزن
Changed Count,Changed Count,تغییر در تعداد
To set some changes on this draft!,To set some changes on this draft!,تنظیم برخی تغییرات در این حواله!
Back,Back,بازگشت
Weight of changed (<0>)!,Weight of changed (<0>)!,وزن تغییر کرده (<0>)!
Current weight of work (<0>)!,Current weight of work (<0>)!,وزن فعلی کار (<0>)!
Target Unit,Target Unit,واحد موردنظر
Target Person,Target Person,شخص موردنظر
The destination user to send this draft!,The destination user to send this draft!,کاربر مقصد برای ارسال این حواله
The destination unit to send this draft!,The destination unit to send this draft!,واحد مقصد برای ارسال این حواله
To send this draft to next step!,To send this draft to next step!,ارسال این حواله به مرحله بعد!
Damaged,Damaged,آسیب دیده
DamagedByUnit,DamagedByUnit,آسیب دیده بدلیل نقص در واحد
DamagedByPerson,DamagedByPerson,آسیب دیده بدلیل نقص شخص
DamagedByProduct,DamagedByProduct,آسیب دیده بدلیل نقص در محصول
DamagedByTool,DamagedByTool,آسیب دیده بدلیل نقص در ابزار
Submit <0>,Submit <0>,ثبت <0>
Damage <0><1>,Damage <0><1>,خرابی <0><1>
Update <0><1>,Update <0><1>,تغییر <0><1>
Swarf <0><1>,Swarf <0><1>,سواله <0><1>
Transfer <0><1>,Transfer <0><1>,انتقال <0><1>
Close <0><1>,Close <0><1>,بستن <0><1>
Return <0><1>,Return <0><1>,برگشت <0><1>
Tools Status,Tools Status,وضعیت ابزارها
Works Status,Works Status,وضعیت کارها
Used Tools,Used Tools,ابزارهای مورداستفاده
Male,Male,خانم
Female,Female,آقا
X,X,اکس
Unspecified,Unspecified,نامشخص
X (Transexual),X (Transexual),هردو
Swarf,Swarf,سواله
Swarfed,Swarfed,سواله
There made some swarfs in this draft!,There made some swarfs in this draft!,این حواله حاوی مقداری سواله است!
Work Min Tolerance,Work Min Tolerance,کمترین میزان کار
Work Max Tolerance,Work Max Tolerance,بیشترین میزان کار
"Minimum weight, which can works per each one time unit!","Minimum weight, which can works per each one time unit!","حداقل وزن، که نیرو می تواند در هر واحد زمانی کار کند!"
"Maximum weight, which can works per each one time unit!","Maximum weight, which can works per each one time unit!","حداکثر وزن، که نیرو می تواند در هر واحد زمانی کار کند!"
Damaged By Unit,Damaged By Unit,نقص در  واحد
Damaged By Person,Damaged By Person,نقص در  شخص
Damaged By Product,Damaged By Product,نقص در محصول
Damaged By Tool,Damaged By Tool,نقص در  ابزار
There could not find any drafts!,There could not find any drafts!,هیچ حواله‌ای پیدا نشد!
Your request is not valid!,Your request is not valid!,درخواست شما معتبر نیست!
Could not update tools usage!,Could not update tools usage!,استفاده از ابزارها به‌روزرسانی نشد!
The <0> returned to your current box!,The <0> returned to your current box!,<0> به صندوق جاری شما بازگشت!
The <0> sent to the next unit!,The <0> sent to the next unit!,<0> به واحد بعدی ارسال شد!
The <0> received in your current box!,The <0> received in your current box!,<0> در صندوق جاری شما دریافت شد!
There is not received any changes!,There is not received any changes!,هیچ تغییری دریافت نشده است!
"The <0> lost draft, received successfully!","The <0> lost draft, received successfully!","حواله گم شده <0>، با موفقیت دریافت شد!"
Your change draft for the <0> registered successfully!,Your change draft for the <0> registered successfully!,حواله تغییر شما برای <0> با موفقیت ثبت شد!
"The <0> damaging draft, received successfully!","The <0> damaging draft, received successfully!",حواله خرابی <0> با موفقیت دریافت شد!
"The <0> damaged draft, registered successfully!","The <0> damaged draft, registered successfully!","حواله خرابی <0>، با موفقیت ثبت شد!"
There a problem is occured!,There a problem is occured!,مشکلی رخ داده است!
Latest Time,Latest Time,اخیرترین مدت کار
Change Count,Change Count,تعداد تغییر
Please complete all required parameters,Please complete all required parameters,لطفا تمام پارامترهای مورد نیاز را تکمیل کنید
Count of lost work (<0>)!<1>Do not change this value without coordination!,Count of lost work (<0>)!<1>Do not change this value without coordination!,تعداد حواله‌های مفقود شده (<0>)!<1>این مقدار را بدون هماهنگی تغییر ندهید!
Weight of damaged work (<0>)!,Weight of damaged work (<0>)!,وزن کار آسیب دیده (<0>)!
Count of damaged work (<0>)!,Count of damaged work (<0>)!,تعداد کارهای آسیب دیده (<0>)!
The parent Draft which is related,The parent Draft which is related,مرتبط با حواله (حواله اصلی)
The target Product to Process,The target Product to Process,محصول هدف برای پردازش
Target Unit Output,Target Unit Output,واحد موردنظر برای دریافت خروجی
Target Person Output,Target Person Output,شخص موردنظر برای دریافت خروجی
Indicate all used Tools for this Draft,Indicate all used Tools for this Draft,تمام ابزارهای استفاده شده برای این حواله را اضافه نمایید
Numbers of this Work Pieces (<0>),Numbers of this Work Pieces (<0>),تعداد قطعات این حواله (<0>)
Weight of this Work (<0>),Weight of this Work (<0>),وزن کل این حواله (<0>)
Elapsed Time for this Work (<0>),Elapsed Time for this Work (<0>),زمان سپری شده برای پردازش این حواله (<0>)
Are you sure you want to set this draft as lost?,Are you sure you want to set this draft as lost?,آیا مطمئنید که می‌خواهید این حواله را به عنوان مفقود شده تنظیم کنید؟ (این کار تاثیر منفی بسیار زیادی روی معدل شما خواهد گذاشت)
You do not have enough access to this action!,You do not have enough access to this action!,شما دسترسی کافی برای انجام این عملیات را ندارید!
Edit Output Drafts,Edit Output Drafts,مدیریت حواله‌های خروجی
Edit Input Drafts,Edit Input Drafts,مدیریت حواله‌های ورودی
Edit Current Drafts,Edit Current Drafts,مدیریت حواله‌های درحال‌پردازش
Edit Added Drafts,Edit Added Drafts,مدیریت حواله‌های افزوده
Edit Subtracted Drafts,Edit Subtracted Drafts,مدیریت حواله‌های کسری
Edit Failed Drafts,Edit Failed Drafts,مدیریت حواله‌های خراب‌شده
Edit Partial Drafts,Edit Partial Drafts,مدیریت حواله‌های تکمیل‌شده
Edit Completed Drafts,Edit Completed Drafts,مدیریت حواله‌های خروجی
Output Drafts Report,Output Drafts Report,گزارش حواله‌های خروجی
Input Drafts Report,Input Drafts Report,گزارش حواله‌های ورودی
Current Drafts Report,Current Drafts Report,گزارش حواله‌های درحال‌پردازش
Added Drafts Report,Added Drafts Report,گزارش حواله‌های افزوده
Subtracted Drafts Report,Subtracted Drafts Report,گزارش حواله‌های کسری
Failed Drafts Report,Failed Drafts Report,گزارش حواله‌های خراب‌شده
Partial Drafts Report,Partial Drafts Report,گزارش حواله‌های تکمیل‌شده
Completed Drafts Report,Completed Drafts Report,گزارش حواله‌های خروجی
Added Drafts,Added Drafts Report,حواله‌های افزوده
Subtracted Drafts,Subtracted Drafts Report,حواله‌های کسری
TRACE,TRACE,ردیابی
PRODUCTS REPORT,PRODUCTS REPORT,گزارش محصولات
Input,Input,ورودی
Output,Output,خروجی
Change,Change,تغییر
Total,Total,کل
Create,Create,ایجاد شده در
Current Drafts,Current Drafts,حواله‌های درحال‌پردازش
Error,Error,خطا
Contradiction,Contradiction,مغایرت
Showing _FROM_ to _TO_ of _TOTAL_ entries,Showing _FROM_ to _TO_ of _TOTAL_ entries,نمایش _FROM_ تا _TO_ از _TOTAL_ ورودی
Search,Search,جستجو
Display _MENU_ items per page,Display _MENU_ items per page,نمایش _MENU_ مورد در هر صفحه
From Time,From Time,از تاریخ
To Time,To Time,تا تاریخ
Show,Show,نمایش
Your change draft for the <0> registered successfully!,Your change draft for the <0> registered successfully!,حواله تغییر شما برای <0> با موفقیت ثبت شد!
You are logged in!,You are logged in!,شما وارد شده اید!
Work Impact,Work Impact,تاثیر کار
Weight Precision,Weight Precision,دقت وزن
Weight of Works (g),Weight of Works (g),وزن کارها (گرم)
Weight Of Works G,Weight Of Works  G,وزن کارها به گرم
Weight of Used (g),Weight of Used (g),وزن استفاده شده (گرم)
Weight Of Used G,Weight Of Used  G,وزن استفاده شده به گرم
Weight of this Tool (g),Weight of this Tool (g),وزن این ابزار (گرم)
Weight of Products Used this Tool (g),Weight of Products Used this Tool (g),وزن محصولات استفاده شده از این ابزار (گرم)
Weight (g),Weight (g),وزن (گرم)
Weight G,Weight  G,وزن به گرم
g,g,گرم
n,n,عدد
m,m,دقیقه
h,h,ساعت
s,s,ثانیه
Visit Card,Visit Card,کارت ویزیت
View,View,چشم انداز
User Name,User Name,نام کاربری
Units Report,Units Report,گزارش واحدها
"Unfortunately, you received a <0> mark due to the this work! Here added <1> marks to each person of your units.","Unfortunately, you received a <0> mark due to the this work!
Here added <1> marks to each person of your units.","متأسفانه به دلیل این کار شما  <0> امتیاز منفی دریافت کردید!
همچنین <1> امتیاز منفی به هر فرد در واحدهای شما اضافه شده است."
"Unfortunately, you received a <0> mark due to the this work!","Unfortunately, you received a <0> mark due to the this work!","متأسفانه به دلیل این کار، <0> امتیاز منفی دریافت کردید!"
Undifined,Undifined,تعریف نشده
Tools Report,Tools Report,گزارش ابزار
To set this draft as damaged!,To set this draft as damaged!,تنظیم این حواله به عنوان آسیب دیده!
Time Of Works M,Time Of Works  M,زمان کار دقیقه
Time Of Used M,Time Of Used  M,زمان استفاده دقیقه
Time (m),Time (m),زمان (دقیقه)
Time M,Time  M,زمان دقیقه
The username or password is incorrect!,The username or password is incorrect!,نام کاربری یا رمز عبور اشتباه است!
The information added successfully!,The information added successfully!,اطلاعات با موفقیت اضافه شد!
The <0> sent to the next unit!,The <0> sent to the next unit!,<0> به واحد بعدی ارسال شد!
The <0> received in your current box!,The <0> received in your current box!,<0> در کادر فعلی شما دریافت شد!
"The <0> damaged draft, registered successfully!","The <0> damaged draft, registered successfully!","<0> حواله آسیب دیده، با موفقیت ثبت شد!"
Swarf Impact,Swarf Impact,تاثیر سواله
Subtract Impact,Subtract Impact,تاثیر کسری
SQLSTATE[<0><1>S<2><1>]: Base table or view not found: <3><3><0><4> Table <5> doesn't exist,SQLSTATE[<0><1>S<2><1>]: Base table or view not found: <3><3><0><4> Table <5> doesn't exist,SQLSTATE[<0><1>S<2><1>]: جدول یا نمای پایه یافت نشد: <3><3><0><4> جدول <5> وجود ندارد
Social Media,Social Media,رسانه های اجتماعی
Sign Up - GMS,Sign Up - GMS,ثبت نام - GMS
Sign Recover - GMS,Sign Recover - GMS,بازیابی علامت - GMS
Sign Out - GMS,Sign Out - GMS,خروج از سیستم - GMS
Sign In - GMS,Sign In - GMS,ورود به سیستم - GMS
Sign Dashboard - GMS,Sign Dashboard - GMS,داشبورد امضا - GMS
Send Impact,Send Impact,تاثیر ارسال
Search Engine,Search Engine,موتور جستجو
Route,Route,مسیر
Report Units - GMS,Report Units - GMS,واحدهای گزارش - GMS
Report Trace - GMS,Report Trace - GMS,گزارش ردیابی - GMS
Report Tools - GMS,Report Tools - GMS,ابزار گزارش - GMS
Report Users - GMS,Report Personnel - GMS,گزارش اشخاص - GMS
Report Drafts - GMS,Report Drafts - GMS,گزارش حواله - GMS
Receive Impact,Receive Impact,تاثیر دریافت
Phone,Phone,تلفن
Users Report,Personnel Report,گزارش اشخاص
Password Confirmation,Password Confirmation,تایید رمز عبور
Parent,Parent,والد
Other,Other,دیگر
Numbers Of Works N,Numbers Of Works  N,تعداد کارها n
Numbers Of Used N,Numbers Of Used  N,تعداد n استفاده شده
Numbers (n),Numbers (n),تعداد (n)
Numbers N,Numbers  N,تعداد n
NULL,NULL,هیچ
New User...,New User...,کاربر جدید...
MiMFa Goldsmith Management System,MiMFa Goldsmith Management System,سیستم مدیریت کارگاه طلاسازی
Metting,Metting,ملاقات
Manage Drafts - GMS,Manage Drafts - GMS,مدیریت حواله‌ها - GMS
Lose Impact,Lose Impact,تاثیر مفقودی
Introduction Method,Introduction Method,روش آشنایی
I have Received and submitted this draft!,I have Received and submitted this draft!,من این حواله را دریافت و تایید می‌کنم!
Goldsmith Management System,Goldsmith Management System,سیستم مدیریت طلاسازی
"Fortunately, you received a <0> mark due to the this work! Here added <1> marks to each person of your units.","Fortunately, you received a <0> mark due to the this work!
Here added <1> marks to each person of your units.","خوشبختانه به دلیل این کار نمره <0> دریافت کردید!
همچنین <1>  امتیاز مثبت به هر فرد از واحد شما اضافه شده است."
Editor,Editor,ویرایشگر
Edit Units - GMS,Edit Units - GMS,ویرایش واحدها - GMS
Edit Tools - GMS,Edit Tools - GMS,ابزار ویرایش - GMS
Edit System - GMS,Edit System - GMS,ویرایش سیستم - GMS
Edit Products - GMS,Edit Products - GMS,ویرایش محصولات - GMS
Edit Users - GMS,Edit Personnel - GMS,ویرایش اشخاص - GMS
Edit Drafts - GMS,Edit Drafts - GMS,ویرایش حواله‌ها - GMS
Drafts Report,Drafts Report,گزارش حواله‌ها
Develop websites by <0>a seq<1>uence-<0>base<1>d framework,Develop websites by <0>a seq<1>uence-<0>base<1>d framework,وب‌سایت‌ها را با چارچوب ویژه دنباله‌ای توسعه دهید
Decimal Precision,Decimal Precision,دقت اعشار
Deactivated,Deactivated,غیرفعال
Damage Impact,Damage Impact,تاثیر آسیب
Damage By Unit Impact,Damage By Unit Impact,تاثیر آسیب بدلیل نقص واحد
Damage By Tool Impact,Damage By Tool Impact,تاثیر آسیب بدلیل نقص ابزار
Damage By Product Impact,Damage By Product Impact,تاثیر آسیب بدلیل نقص محصول
Damage By Person Impact,Damage By Person Impact,تاثیر آسیب بدلیل نقص شخص
Country Code,Country Code,کد کشور
Complete Impact,Complete Impact,تاثیر تکمیل 
Cancel and return to the currentbox!,Cancel and return to the currentbox!,لغو و بازگشت به جعبه فعلی!
Blocked,Blocked,مسدود
Advertisement,Advertisement,تبلیغات
Add Impact,Add Impact,تاثیر اضافه
Add,Add ,اضافه کردن
Activated,Activated,فعال
75245cd3acc00d54248548683b891c2b,"A special framework for web development called <0> (a sequence-based framework) has been developed to implement safe, flexible, fast, and strong pure websites based on that, since <1><2><3><4> so far.","یک چارچوب ویژه متن باز توسعه وب به نام <0> (یک چارچوب مبتنی بر توالی) برای پیاده سازی وب سایت های خالص، ایمن، انعطاف پذیر، سریع و قوی، توسعه یافته از سال <1><2><3><4> "
A Special Goldsmith Management System,A Special Goldsmith Management System,یک سیستم مدیریت طلاسازی ویژه
6393acf90309791144adcdacd6c5c7dd,"We are a team has considered the idea as a small start-up project and has developed it through its financial and human resources. The start-up has gathered people from the professionals around a table. Our products are now ready to be presented to our dear users, and we are impatiently waiting to receive your comments.",ما تیمی هستیم که این ایده را یک پروژه کوچک استارت آپی در نظر گرفته و آن را از طریق منابع مالی و انسانی خود توسعه داده است. این استارت آپ افراد حرفه ای را دور یک میز جمع کرده است. محصولات ما هم اکنون آماده ارائه به کاربران عزیز می باشد و بی صبرانه منتظر دریافت نظرات شما هستیم.
Account Activation Request,Account Activation Request,درخواست فعالسازی حساب
An activation email sent successfully to your account (<0>)! Please check your email and click on the link.,An activation email sent successfully to your account (<0>)! Please check your email and click on the link.,یک ایمیل فعال سازی با موفقیت به حساب شما ارسال شد (<0>)! لطفا ایمیل خود را بررسی کنید و روی لینک کلیک کنید.
APPEARANCES,APPEARANCES,ظاهر
aseqbase,aseqbase,اسِک‌بِیس
aseqbase is a project sponsored by MiMFa. Designed by: MiMFa aseqbase Pure Web Design Framework,aseqbase is a project sponsored by MiMFa. Designed by: MiMFa aseqbase Pure Web Design Framework,اسِک‌بِیس پروژه ای است که توسط متخصصین توسعه فناوری میم‌فا حمایت می شود. فریموک اختصاصی میم‌فا اسِک‌بِیس
CATEGORIES,CATEGORIES,دسته بندی ها
Clear Lexicon,Clear Lexicon,پاک کردن لغتنامه
CONFIGURATIONS,CONFIGURATIONS,پیکربندی
Confirm Password,Confirm Password,تاییدیه رمز عبور
CONTENTS,CONTENTS,فهرست
"Dear <0>, You registered successfully","Dear <0>, You registered successfully","عزیز <0>، شما با موفقیت ثبت نام کردید"
Designed by: MiMFa aseqbase Pure Web Design Framework,Designed by: MiMFa aseqbase Pure Web Design Framework,طراحی شده توسط: MiMFa aseqbase Pure Web Design Framework
Edit - GMS,Edit - GMS,ویرایش - GMS
Email Address,Email Address,آدرس ایمیل
Email/Phone,Email/Phone,ایمیل / تلفن
Email/Phone/UserName,Email/Phone/UserName,ایمیل / تلفن / نام کاربری
Export Lexicon,Export Lexicon,خروجی از لغتنامه
File Symbol Document - Aseqbase,File Symbol Document - Aseqbase,سند نماد فایل - Aseqbase
File Symbol Home - Aseqbase,File Symbol Home - Aseqbase,صفحه اصلی نماد فایل - Aseqbase
File Symbol Menu - Aseqbase,File Symbol Menu - Aseqbase,منوی نماد فایل - Aseqbase
File Symbol Operation - Aseqbase,File Symbol Operation - Aseqbase,عملیات نماد فایل - Aseqbase
File Symbol User - Aseqbase,File Symbol User - Aseqbase,کاربر نماد فایل - Aseqbase
GMS,GMS,جی‌ام‌اس
GROUPS,GROUPS,گروه ها
Guest,Guest,مهمان
Import Lexicon,Import Lexicon,ورودی یه لغتنامه
INFORMATIONS,INFORMATIONS,اطلاعات
KeyCode,KeyCode,کد کلیدی
MARKET,MARKET,بازار
Melting,Melting,ذوب
MiMFa aseqbase,MiMFa aseqbase,میم‌فا اسِک‌بِیس
More,More,بیشتر
Phone Number,Phone Number,شماره تلفن
PLUGINS,PLUGINS,افزونه‌ها
POSTS,POSTS,نوشته ها
ProductName,ProductName,نام محصول
Profile picture modifyed successfully!,Profile picture modifyed successfully!,تصویر نمایه با موفقیت اصلاح شد!
Public Images Logoformal_ <0><1><2><3><0><0><0><4><5><3> - Aseqbase,Public Images Logoformal_ <0><1><2><3><0><0><0><4><5><3> - Aseqbase,تصاویر عمومی Logoformal_ <0><1><2><3><0><0><0><4><5><3> - Aseqbase
Report System - GMS,Report System - GMS,سیستم گزارش - GMS
Ring<0>,Ring<0>,حلقه<0>
Sign - GMS,Sign - GMS,علامت - GMS
Sign Active - GMS,Sign Active - GMS,Sign Active - GMS
Sign Edit - Aseqbase,Sign Edit - Aseqbase,امضا ویرایش - Aseqbase
Sign Edit - GMS,Sign Edit - GMS,ویرایش امضا - GMS
Sign In - Aseqbase,Sign In - Aseqbase,ورود - Aseqbase
Sign View - Aseqbase,Sign View - Aseqbase,Sign View - Aseqbase
SQLSTATE[<0><1><2><2><2>]: Integrity constraint violation: <3><2><4><0> Duplicate entry <5> for key <6>,SQLSTATE[<0><1><2><2><2>]: Integrity constraint violation: <3><2><4><0> Duplicate entry <5> for key <6>,SQLSTATE[<0><1><2><2><2>]: نقض محدودیت یکپارچگی: <3><2><4><0> ورودی تکراری <5> برای کلید <6>
SQLSTATE[<0><1>S<2><1>]: Base table or view not found: <3><3><0><4> Table <5> doesn<6>t exist,SQLSTATE[<0><1>S<2><1>]: Base table or view not found: <3><3><0><4> Table <5> doesn<6>t exist,SQLSTATE[<0><1>S<2><1>]: جدول یا نمای پایه یافت نشد: <3><3><0><4> جدول <5><6>وجود ندارد
System Translation - Aseqbase,System Translation - Aseqbase,ترجمه سیستم - Aseqbase
SYSTEMS,SYSTEMS,سامانه
TEMPLATES,TEMPLATES,الگوها
The main name of the object The website owner and name,The main name of the object  The website owner and name,نام اصلی شی مالک وب سایت و نام
The user with these email or username could not register!,The user with these email or username could not register!,کاربر با این ایمیل یا نام کاربری نتوانست ثبت نام کند!
This account is not active yet!<0><1>Try to send the activation email again!<2>,This account is not active yet!<0><1>Try to send the activation email again!<2>,این حساب هنوز فعال نیست!<0><1>دوباره ایمیل فعال سازی را ارسال کنید!<2>
Translation,Translation,ترجمه
TRANSLATIONS,TRANSLATIONS,ترجمه ها
Try to send the activation email again!,Try to send the activation email again!,سعی کنید دوباره ایمیل فعال سازی را ارسال کنید!
Trying to change the profile picture!,Trying to change the profile picture!,تلاش برای تغییر عکس پروفایل!
UnitName,UnitName,نام واحد
UserID,UserID,شناسه کاربر
UserName,UserName,نام کاربری
USERS,USERS,کاربران
Welding,Welding,جوشکاری
Your Satisfaction is our Greatest Goal,Your Satisfaction is our Greatest Goal,رضایت شما بزرگترین هدف ماست
Merge all similar in processing drafts,Merge all similar in processing drafts,تجمیع همه حواله های مشابه درحال پردازش
Merge Drafts,Merge Drafts,تجمیع حواله‌ها
Trace Managers,Trace Managers,ردیابی مدیران
Received,Received,دریافت شده
Sent,Sent,ارسال شده
Transfering,Transfering,درحال انتقال
Are you sure you want to set this draft as completed?,Are you sure you want to set this draft as completed?,آیا مطمئن هستید که می خواهید این حواله را به عنوان تکمیل شده تنظیم کنید؟
Finished processing and set this draft as completed!,Finished processing and set this draft as completed!,پردازش پایان یافته و تنظیم این حواله به عنوان تکمیل شده!
Complete,Complete,تکمیل
Numbers,Numbers,تعداد
Default From Time,Default From Time,پیشفرض از تاریخ
Default To Time,Default To Time,پیشفرض تا تاریخ
"Unfortunately, you have no access to the site now!<0>Please try a few minutes later...","Unfortunately, you have no access to the site now!<0>Please try a few minutes later...","متأسفانه، در حال حاضر به سامانه دسترسی ندارید!<0>لطفا مدتی بعد مجدد تلاش فرمایید..."
Showing _START_ to _END_ of _TOTAL_ entries,Showing _START_ to _END_ of _TOTAL_ entries,نمایش موارد _START_ تا _END_ از کل _TOTAL_ مورد
Display _MENU_ items per page,Display _MENU_ items per page,نمایش _MENU_ مورد در هر صفحه
No items available,No items available,موردی برای نمایش یافت نشد
Next,Next,بعد
Previous,Previous,قبل
First,First,ابتدا
Last,Last,انتها
Search: ,Search: ,جستجو: 
No matching items found,No matching items found,موردی یافت نشد
Loading...,Loading...,درحال بارگذاری...
: activate to sort column ascending,: activate to sort column ascending,: فعال برای مرتب  کردن موارد بصورت صعودی
: activate to sort column descending,: activate to sort column descending,: فعال برای مرتب  کردن موارد بصورت نزولی
(filtered from _MAX_ total entries),(filtered from _MAX_ total entries),(انتخاب شده از میان کل _MAX_ مورد)
Sat,Sa,ش
Sun,Su,ی
Mon,Mo,د
Tue,Tu,س
Wed,We,چ
Thu,Th,پ
Fri,Fr,ج
Has Count Error,Has Count Error,مشمول مغایرت در تعداد
Has Weight Error,Has Weight Error,مشمول مغایرت در وزن
Show count errors!,Show count errors!,نمایش خطاهای مربوط به مغایرت در تعداد
Show weight errors!,Show weight errors!,نمایش خطاهای مربوط به مغایرت در وزن
Done,Done,انجام‌شده
More...,More...,بیشتر...
More,More,بیشتر
Visit,Visit,مشاهده
PERSONNEL,PERSONNEL,اشخاص
Limitation,Limitation,محدوده
Auto Fill,Auto Fill,پرکردن خودکار
Activate auto filling data in some fields,Activate auto filling data in some fields,پر گردن خودکار داده در بعضی قسمتهای سامانه